{
    "movies": [
      {
        "id": 1,
        "title": "Inception",
        "description": "A thief who enters the dreams of others to steal their secrets.",
        "poster": "inception.jpg",
        "rating": 8.8,
        "genre": "Sci-Fi"
      },
      {
        "id": 2,
        "title": "Interstellar",
        "description": "A team of explorers travel through a wormhole in space to save humanity.",
        "poster": "intestellar.jpg",
        "rating": 8.6,
        "genre": "Sci-Fi"
      },
      {
        "id": 3,
        "title": "The Dark Knight",
        "description": "Batman faces the Joker, a criminal mastermind who brings chaos to Gotham.",
        "poster": "darknight.jpg",
        "rating": 9.0,
        "genre": "Action"

      },
      {
        "id": 4,
        "title": "Mad Max: Fury Road",
        "description": "A woman rebels against a tyrannical ruler in a post-apocalyptic wasteland.",
        "poster": "alp.jpg",
        "rating": 8.1,
        "genre": "Action"
      },
      {
        "id": 5,
        "title": "Forrest Gump",
        "description": "The story of a simple man with a kind heart who witnesses historical moments.",
        "poster": "bet.jpg",
        "rating": 8.8,
        "genre": "Drama"
      },
      {
        "id": 6,
        "title": "Gladiator",
        "description": "A former Roman general seeks revenge after being betrayed by the emperor's son.",
        "poster": "gam.jpg",
        "rating": 8.5,
        "genre": "Action"
      },
      {
        "id": 7,
        "title": "The Conjuring",
        "description": "Paranormal investigators help a family terrorized by a dark presence in their farmhouse.",
        "poster": "sig.jpg",
        "rating": 7.5,
        "genre": "Horror"
      },
      {
        "id": 8,
        "title": "A Quiet Place",
        "description": "A family struggles to survive in a world where creatures hunt by sound.",
        "poster": "pen.jpg",
        "rating": 7.7,
        "genre": "Horror"
      },
      {
        "id": 9,
        "title": "Shawshank Redemption",
        "description": "A banker is sentenced to life in prison and forms an unexpected friendship.",
        "poster": "hex.jpg",
        "rating": 9.3,
        "genre": "Drama"
      }
    ],
 "reviews": [
    {
      "movieTitle": "Inception",
      "reviewer": "John Doe",
      "genre": "Sci-Fi",
      "review": "A mind-bending thriller that keeps you engaged till the end.",
      "rating": 5
    },
    {
      "movieTitle": "The Dark Knight",
      "reviewer": "Sarah Lee",
      "genre": "Action",
      "review": "One of the best superhero movies ever made. A masterpiece!",
      "rating": 5
    },
    {
      "movieTitle": "Interstellar",
      "reviewer": "Michael Smith",
      "genre": "Sci-Fi",
      "review": "An emotional journey through space and time with breathtaking visuals.",
      "rating": 5
    },
    {
      "movieTitle": "Titanic",
      "reviewer": "Emily Johnson",
      "genre": "Romance",
      "review": "A beautiful love story with stunning cinematography and music.",
      "rating": 4
    },
    {
      "movieTitle": "The Conjuring",
      "reviewer": "David Brown",
      "genre": "Horror",
      "review": "A spine-chilling horror movie with an engaging storyline.",
      "rating": 4
    }
  ]
}
    
  
  